"Now Shopping by","Αγορές Ανά",theme,frontend/Magento/luma
Previous,Προηγούμενο,theme,frontend/Magento/luma
Remove,Διαγραφή,theme,frontend/Magento/luma
"Remove This Item","Διαγραφή Αυτού του Είδους",theme,frontend/Magento/luma
"Shop By","Αγορά Ανά",theme,frontend/Magento/luma
"Clear All","Απαλοιφή Όλων",theme,frontend/Magento/luma
"Shopping Options","Επιλογές Αγορών",theme,frontend/Magento/luma
"Welcome to %store_name.","Καλώς ήλθατε στο %store_name.",theme,frontend/Magento/luma
"To sign in to our site, use these credentials during checkout or on the <a href=""%customer_url"">My Account</a> page:","Για να συνδεθείτε στην ιστοσελίδα μας, χρησιμοποιήστε αυτά τα στοιχεία κατά τη διάρκεια της αγοράς ή στη σελίδα <a href=""%customer_url""> Ο Λογαριασμός μου</a>:",theme,frontend/Magento/luma
Password:,"Κωδικός πρόσβασης:",theme,frontend/Magento/luma
"Password you set when creating account","Ο κωδικός πρόσβασης που ορίσατε κατά τη δημιουργία λογαριασμού",theme,frontend/Magento/luma
"Forgot your account password? Click <a href=""%reset_url"">here</a> to reset it.","Ξεχάσατε τον κωδικό πρόσβασης του λογαριασμού σας; Κάντε κλικ <a href=""%reset_url""> εδώ</a> για να τον επαναφέρετε.",theme,frontend/Magento/luma
"When you sign in to your account, you will be able to:","Όταν συνδεθείτε στο λογαριασμό σας, θα είστε σε θέση να:",theme,frontend/Magento/luma
"Quick Checkout","Γρήγορη Ολοκλήρωση Αγοράς",theme,frontend/Magento/luma
"Proceed through checkout faster","Προχωρήστε στο ταμείο πιο γρήγορα",theme,frontend/Magento/luma
"Order Status","Κατάσταση Παραγγελίας",theme,frontend/Magento/luma
"Check the status of orders","Ελέγξτε την Κατάσταση των Παραγγελιών",theme,frontend/Magento/luma
"Manage Addresses","Διαχείριση Διευθύνσεων",theme,frontend/Magento/luma
"Store alternative addresses","Αποθηκεύστε τις εναλλακτικές διευθύνσεις",theme,frontend/Magento/luma
"For shipping to multiple family members and friends","Για αποστολή σε πολλαπλούς συγγενείς και φίλους",theme,frontend/Magento/luma
"Order History","Ιστορικό Παραγγελιών",theme,frontend/Magento/luma
"View past orders","Προβολή προηγούμενων παραγγελιών",theme,frontend/Magento/luma
"About Us","Σχετικά με εμάς",theme,frontend/Magento/luma
"Customer Service","Εξυπηρέτηση Πελατών",theme,frontend/Magento/luma
"<a href=""tel:%store_phone"">%store_phone</a>","<a href=""τηλ:%store_phone""> %store_phone</a>",theme,frontend/Magento/luma
"Hours of Operation:<br /><span class=""no-link"">%store_hours</span>.","Ωράριο Λειτουργίας: <br /><span class=""no-link"">%store_hours</span>.",theme,frontend/Magento/luma
"Thank you for your order from %store_name.","Σας ευχαριστούμε για την παραγγελία σας από το %store_name.",theme,frontend/Magento/luma
"You can check the status of your order by <a href=""%account_url"">logging into your account</a>.","Μπορείτε να ελέγξετε την κατάσταση της παραγγελίας σας, <a href=""%account_url"">με το να συνδεθείτε στο λογαριασμό σας</a>.",theme,frontend/Magento/luma
"If you have questions about your order, you can email us at <a href=""mailto:%store_email"">%store_email</a>.","Εάν έχετε ερωτήσεις σχετικά με την παραγγελία σας, μπορείτε να μας στείλετε email στο <a href=""mailto:%store_email""> %store_email</a>.",theme,frontend/Magento/luma
"Your Credit Memo #%creditmemo_id for Order #%order_id","Το Πιστωτικό Τιμολόγιο #%creditmemo_id για την Παραγγελία #%order_id",theme,frontend/Magento/luma
"Billing Info","Πληροφορίες Χρέωσης",theme,frontend/Magento/luma
"Shipping Info","Πληροφορίες Αποστολής",theme,frontend/Magento/luma
"Payment Method","Μέθοδος Πληρωμής",theme,frontend/Magento/luma
"Shipping Method","Μέθοδος Αποστολής",theme,frontend/Magento/luma
"Your order #%increment_id has been updated with a status of <strong>%order_status</strong>.","Η παραγγελία σας #%increment_id άλλαξε κατάσταση σε <strong>%order_status</strong>.",theme,frontend/Magento/luma
"Your Invoice #%invoice_id for Order #%order_id","Το Αποδεικτικό %invoice_id # για την Παραγγελία #%order_id",theme,frontend/Magento/luma
"Once your package ships we will send you a tracking number.","Όταν αποσταλεί το δέμα σας θα σας στείλουμε τον αριθμό παρακολούθησης του.",theme,frontend/Magento/luma
"Your Order <span class=""no-link"">#%increment_id</span>","Η Παραγγελία σας <span class=""no-link""> #%increment_id</span>",theme,frontend/Magento/luma
"Placed on <span class=""no-link"">%created_at</span>","Τοποθετήθηκε στις <span class=""no-link"">%created_at</span>",theme,frontend/Magento/luma
"Your shipping confirmation is below. Thank you again for your business.","Η επιβεβαίωση της αποστολής σας είναι παρακάτω. Σας ευχαριστούμε και πάλι για την εμπιστοσύνη σας.",theme,frontend/Magento/luma
"Your Shipment #%shipment_id for Order #%order_id","Αριθμ. Αποστολής %shipment_id # για την Παραγγελία #%order_id",theme,frontend/Magento/luma
Summary,Περίληψη,theme,frontend/Magento/blank
"Account Dashboard","Πίνακας Λογαριασμού",theme,frontend/Magento/blank
"Account Information","Πληροφορίες Λογαριασμού",theme,frontend/Magento/blank
"Address Book","Βιβλίο Διευθύνσεων",theme,frontend/Magento/blank
Menu,Μενού,theme,frontend/Magento/blank
Account,Λογαριασμός,theme,frontend/Magento/blank
Settings,Ρυθμίσεις,theme,frontend/Magento/blank
